[207418,216449,184869,1216823,869147,301368,196396]|[34570,31465,28108,131979,76632,28264,41858]|[5098,4597,4510,24339,15874,5368,7277]|[13810,12449,11117,62259,42973,14203,18083]|[14182,13445,11847,76268,54221,16226,12124]|[13677,12694,12074,81451,59768,18001,17515]|[6568,7334,6227,35990,29089,8209,8335]|[14151,12817,11429,68920,49748,15282,16038]|[14821,15040,13515,101321,85503,25073,15884]|[20089,19996,18776,123844,97679,32265,20221]|[2698,3035,2827,20424,16214,4661,4953]|[2044,1735,1700,11550,8943,2581,3398]|[4419,4246,3422,23589,16602,5126,4903]|[2857,2703,2568,17454,13166,3819,4425]|[5342,4437,3883,29999,25325,7175,5892]|[7158,7713,6979,45083,30673,10826,8929]|[17713,14602,11337,55289,39234,14093,20069]|[5228,5912,5602,47209,41182,16571,9986]|[1489,1650,1530,9168,6222,2032,3173]|[931,1218,1166,6124,3824,1142,1386]|[626,882,861,4405,2265,787,1096]|[559,633,592,2995,1818,581,1067]|[388,435,406,2022,1263,461,764]|[324,311,345,2270,1318,431,658]|[516,595,551,3238,1603,616,975]|[80,87,93,544,257,123,156]|[780,987,869,4483,2850,653,926]|[894,1045,1021,6862,5455,1517,1903]|[1092,1254,1118,6188,4407,1374,1731]|[1541,1837,1518,8773,6685,2159,2485]|[719,909,778,3206,1555,463,1009]|[4807,4337,3796,24200,18937,5477,6210]|[366,405,395,1744,565,202,541]
[16691,17205,14457,136941,105519,41570,36000]|[176322,238329,231712,1547746,881738,341085,231150]|[16713,24641,23501,168328,109536,43694,26697]|[31641,42027,43468,348149,237598,91366,60652]|[8298,9464,9200,101242,77686,31323,20654]|[16273,18329,19224,207013,157718,52618,36790]|[9475,14969,13372,123912,99678,40529,25377]|[13793,15237,14204,123049,86872,31919,23925]|[4568,5639,5104,55666,51178,20041,13833]|[9008,11476,12118,128551,103385,36560,25036]|[4968,6784,6375,63703,52332,22316,14470]|[3963,5795,5200,43973,34325,12806,8805]|[2826,3370,2805,26208,19095,8023,5709]|[1914,1744,1823,18212,15092,5670,4797]|[2415,2673,2524,28419,24357,10281,7104]|[2380,2804,2699,24412,19579,8424,5799]|[5012,5716,5330,37297,27696,13254,10464]|[1950,2059,1869,23351,23565,10920,7128]|[2490,3342,3047,22288,18522,7987,5173]|[1361,1846,1892,14149,11260,5034,2756]|[664,928,953,6467,4268,1918,1266]|[750,763,726,5394,3681,1646,1076]|[319,433,453,3492,2777,1297,712]|[397,525,548,4226,2853,1179,753]|[588,671,689,4923,2747,1220,1028]|[76,74,91,598,325,155,152]|[577,687,677,6419,4196,1663,1136]|[1826,2247,2024,18308,16699,6732,4884]|[918,1018,1000,6254,4681,2013,1586]|[1237,1439,1337,10258,8811,3460,2565]|[536,570,534,2689,1503,544,697]|[2682,2890,2539,23152,18410,7509,6127]|[237,293,311,1741,834,300,396]
[5142,3920,2972,22873,17330,6844,7874]|[30612,32584,29320,159261,100970,38621,23818]|[67866,96574,86166,578776,379705,128225,58866]|[8624,9662,8791,53242,35156,13407,9175]|[2291,2464,2188,19820,15095,5970,3926]|[2784,2141,2118,17568,12661,4834,3811]|[13017,16964,15885,117832,84559,30609,15227]|[6499,6876,5480,42618,30457,10735,7464]|[1394,1203,1118,9461,8318,2999,2069]|[1985,2105,1990,16571,12763,5130,3101]|[4496,5664,5467,47145,35024,12935,7042]|[3231,4014,3865,32020,24643,8503,5042]|[1878,1894,1441,10745,7716,3216,2195]|[511,412,410,2976,2229,752,570]|[601,533,482,4678,3816,1483,979]|[805,838,826,4856,3565,1452,1060]|[1235,1318,1239,7502,4960,2040,1800]|[966,806,681,8368,8484,3407,2225]|[1103,1413,1203,7660,5805,2106,1256]|[784,937,995,5934,4279,1612,917]|[355,443,486,2445,1477,540,411]|[380,379,321,1913,1281,486,385]|[152,161,170,1123,771,270,199]|[160,226,235,1354,723,324,196]|[243,321,319,1707,876,384,305]|[37,30,43,223,124,80,47]|[242,273,285,2471,1807,554,321]|[1093,1104,1062,9727,8643,3013,2040]|[305,291,298,1339,751,297,290]|[367,317,285,1642,1274,496,356]|[192,160,152,740,271,73,187]|[766,691,636,4174,2794,976,911]|[69,83,108,506,158,50,151]
[13208,11334,8579,63844,43783,18065,15713]|[64947,71789,62659,335017,189054,79984,50296]|[9347,9338,8685,55123,34697,13547,7558]|[105623,130596,128439,865187,550599,225756,116806]|[11706,13468,13261,111950,75394,30959,13648]|[8225,7397,6736,52872,36526,14107,8774]|[7012,8664,7594,56343,43443,16110,7294]|[17221,19159,16943,121691,80972,34994,18697]|[2566,3147,2662,22679,17913,7197,3605]|[5990,6709,6200,49164,36370,14681,7191]|[3049,3123,3180,25756,18093,7255,3263]|[2365,2470,2157,16585,11555,4738,2559]|[3244,2840,2448,20990,14394,7584,4441]|[1327,1330,1207,9023,6662,3139,2183]|[1634,1480,1355,11059,8252,3458,1843]|[1368,1705,1845,12086,8709,4622,2956]|[2747,3386,3475,21028,14567,8456,6379]|[1246,1270,1231,16386,15793,7894,3916]|[990,1234,1143,7353,4673,2046,1238]|[610,838,904,5298,3144,1408,628]|[359,498,516,3013,1752,609,432]|[345,402,332,2426,1220,629,298]|[227,243,223,1615,948,440,359]|[151,210,264,1622,843,360,226]|[322,369,432,2827,1415,757,671]|[42,43,62,308,143,76,57]|[326,378,395,2949,1786,658,334]|[909,943,976,6738,5011,2291,1149]|[406,475,483,2647,1657,788,629]|[448,544,509,3531,2389,938,657]|[279,291,298,1386,549,243,360]|[1279,1347,1384,10191,6718,2808,1950]|[118,113,129,683,244,90,191]
[17354,13419,11085,75503,48594,19752,16869]|[28205,23062,20334,89554,51339,23285,23257]|[5015,4536,4161,19825,11164,5206,3743]|[24019,20860,19020,100388,60836,25433,19895]|[76550,91451,82700,562370,401730,137665,55957]|[5188,4783,4213,26337,18821,7367,5671]|[4478,5368,4394,24486,18197,6834,4291]|[19253,19494,16789,98198,64537,27828,13780]|[2578,2281,1959,13408,12353,4314,2462]|[5451,5468,5186,33412,25806,10278,5158]|[1592,1654,1891,12173,7908,3048,1778]|[1024,1053,1128,6193,4465,1595,1105]|[2493,2691,2150,12832,8895,3947,2315]|[709,789,634,4330,3509,1073,1097]|[1264,977,927,6417,5506,1896,1584]|[1124,1168,1057,6246,4025,1498,1047]|[1824,1795,1637,8316,5489,2186,2428]|[1056,1199,919,9359,8698,3984,1791]|[609,658,618,3320,1944,624,605]|[432,572,581,2734,1608,509,318]|[286,408,390,1760,862,274,233]|[225,233,203,1275,604,251,146]|[124,128,146,817,401,138,152]|[104,140,163,802,327,123,121]|[226,279,291,1295,567,236,232]|[37,37,36,172,84,41,46]|[250,314,313,1728,1017,316,203]|[428,505,507,3236,2319,801,548]|[322,369,282,1595,952,352,260]|[388,387,328,1936,1339,431,363]|[221,234,225,942,321,118,254]|[1006,1090,920,5706,4062,1429,1128]|[94,101,116,490,158,52,153]
[18649,15375,11437,80286,50271,21053,24245]|[55115,47852,38242,178824,87096,39261,53648]|[4009,3458,2908,16845,8918,4353,4711]|[11065,9340,8046,48953,27311,12182,14492]|[4955,4023,3456,27604,17263,7441,6567]|[104148,118730,113315,786090,521835,192707,106858]|[3038,2897,2497,17309,11202,4671,4116]|[5988,5279,4287,27129,15440,6712,9100]|[4415,4242,3683,30315,24872,9316,5590]|[20558,22788,22376,155543,105108,43772,22552]|[1441,1380,1397,9617,5604,2287,2085]|[1128,1213,1032,6595,4547,1663,1726]|[1416,1031,933,6264,3522,1511,1913]|[1876,2078,1736,10997,7370,2678,2730]|[3598,2901,2301,18447,13994,5628,4069]|[1589,1482,1446,8297,5133,1921,1853]|[1721,1871,1695,8405,5136,2099,2504]|[896,756,733,5766,4918,2062,1953]|[497,622,586,3363,1867,619,832]|[357,425,521,2190,1033,443,360]|[220,315,309,1290,522,198,253]|[194,247,197,944,386,169,270]|[119,138,137,642,305,105,169]|[114,135,168,735,329,118,142]|[189,210,223,1136,433,234,401]|[32,18,25,174,74,33,59]|[231,289,233,1343,614,225,234]|[460,433,440,3104,2056,858,808]|[489,542,479,2150,1230,408,506]|[527,523,522,2710,1716,642,674]|[318,397,325,1088,315,130,356]|[2125,2212,1650,10681,6872,2752,2758]|[125,135,118,430,126,36,188]
[9590,7581,5814,32524,22672,8582,14641]|[30852,25989,25158,112372,67996,27136,33039]|[21353,20774,20175,115813,68378,27294,18745]|[13306,11540,10219,51742,32663,12542,14119]|[4767,4613,3917,23055,16651,6603,5617]|[2990,2321,2716,17311,11848,4218,4565]|[172700,217324,191572,1236180,872201,297495,121272]|[19840,18518,15383,86013,53477,19484,16519]|[1789,1770,1552,10938,9774,3298,2436]|[3267,2552,2437,17580,12674,4831,4260]|[15061,15696,14821,121432,83972,33894,15730]|[6934,6849,5846,37106,26567,8533,5185]|[5550,5452,4591,30610,20888,8639,5337]|[671,628,542,3305,2270,684,1068]|[1157,934,751,5141,4385,1443,1415]|[1557,1569,1521,7240,4936,1636,1797]|[2418,2639,2668,10728,6586,2549,3311]|[3328,3082,3096,35460,30859,13880,6383]|[1707,2033,1662,8737,5707,1772,1626]|[1285,1689,1690,7787,4712,1483,1072]|[794,1050,1088,4484,2391,800,711]|[718,676,620,3035,1649,563,438]|[391,365,421,1709,941,387,347]|[291,385,415,1992,903,326,273]|[515,645,631,2997,1264,482,551]|[68,106,106,428,214,91,77]|[656,838,684,4924,3263,1100,681]|[2100,2310,2051,13826,10919,3933,2434]|[650,524,549,2221,1375,487,515]|[510,549,512,2825,1968,609,578]|[403,370,332,1355,415,137,407]|[1307,1212,1143,5454,3422,1129,1383]|[143,163,192,911,251,88,294]
[16487,12746,10192,67825,43178,16880,19917]|[29759,23557,22126,113023,63251,25351,30518]|[8989,8141,7245,42873,25275,9568,7962]|[24529,21045,19751,115619,72537,28698,26031]|[16845,15889,14434,100089,71239,27822,14816]|[4849,3952,3891,29081,20037,6649,6342]|[14495,15250,13289,90294,64771,21067,12162]|[137845,155109,140707,936405,648079,236678,120464]|[2422,2341,2221,16154,14394,4421,3406]|[4687,4128,4045,30279,23446,8661,5832]|[3316,3492,3152,26231,19133,6062,4346]|[2600,2374,2064,15303,10915,3312,2668]|[8907,8286,7756,63579,43588,16873,10018]|[943,839,906,6014,3871,1216,1418]|[1116,1271,1100,7585,5613,1998,1895]|[1273,1585,1431,8758,5492,2018,1805]|[2421,2535,2487,12900,7713,3407,3758]|[3189,2789,2653,32263,29915,12970,6703]|[1039,1145,1128,6033,3462,1177,1104]|[555,862,929,4690,2858,867,678]|[441,617,653,3070,1699,542,535]|[430,443,438,2063,1248,354,326]|[238,231,257,1301,713,269,303]|[176,230,272,1504,710,231,179]|[335,415,449,2302,963,412,494]|[50,51,55,333,166,102,75]|[529,658,555,3381,2201,621,392]|[951,977,1006,6852,5264,1863,1528]|[439,492,527,2154,1226,443,495]|[427,521,501,2834,1979,686,762]|[312,349,344,1247,475,172,406]|[1505,1247,1243,7446,4863,1660,2041]|[102,110,142,563,184,73,226]
[30270,21202,15479,90513,59209,24273,28670]|[13780,12397,11183,50465,29531,12886,20488]|[2039,1711,1732,8986,5592,2144,3490]|[4343,4234,3939,20653,12622,5420,6823]|[3924,2762,2268,12951,9018,3831,4284]|[6872,5151,4550,27341,19116,7488,8271]|[2163,2561,2213,10860,7445,2921,2901]|[4055,3735,3084,14606,9490,3923,5449]|[122218,140435,118624,805623,615172,217350,98245]|[20120,16655,15254,88468,61414,25094,15142]|[1042,1047,1083,6816,4888,1770,1815]|[660,693,617,3832,2611,1006,1092]|[1329,1135,848,3830,2621,1186,1647]|[4796,3645,3135,18484,12157,4548,4737]|[13311,12581,11024,82037,54389,22707,12107]|[4526,4190,3637,23243,15082,6844,4686]|[3540,3529,2767,12215,8695,3237,4388]|[991,832,750,5327,4593,2236,1879]|[568,640,598,3234,1985,673,865]|[373,486,559,2547,1328,513,514]|[327,388,434,1816,880,341,374]|[256,308,245,1278,688,236,292]|[186,175,174,839,435,191,201]|[104,180,181,863,441,129,202]|[224,263,282,1460,671,226,422]|[61,46,55,264,147,42,87]|[457,430,360,1829,873,287,380]|[294,389,397,2419,1805,692,590]|[972,1071,1042,4684,3261,1095,1106]|[1051,1385,1244,6919,5161,1767,1478]|[693,932,810,3254,1262,447,732]|[5966,4813,3824,23704,15648,6694,6151]|[288,458,492,1889,557,180,434]
[29210,23619,18494,118748,78641,36431,37762]|[31767,26020,21886,111232,56826,28879,41461]|[3526,2870,2843,16150,8698,4275,5540]|[9496,7897,7141,44972,26854,12806,14720]|[6893,5967,4869,33474,22039,10304,9864]|[21920,20161,19473,147493,100791,45515,31225]|[2617,3072,2901,17538,11942,5055,5112]|[6408,5646,4948,29247,17424,8092,10577]|[12336,12596,12013,94767,72248,29866,16997]|[106115,123609,119440,815554,556594,212465,106291]|[1327,1486,1382,10224,6501,2590,2663]|[1039,942,880,6392,4119,1560,1869]|[1580,1501,1157,6486,3928,1925,2443]|[3304,2555,2367,16835,12264,4683,5433]|[5587,5216,4410,37179,27736,12213,8704]|[1948,2199,2171,13142,8970,4202,3688]|[2700,2808,2362,13002,8482,3805,4349]|[858,883,770,6913,5805,3106,2713]|[601,698,620,3741,2232,798,969]|[471,505,565,2552,1301,425,518]|[398,413,425,1738,841,362,533]|[304,273,264,1233,575,189,344]|[146,141,163,858,418,169,202]|[197,157,164,925,479,156,223]|[227,221,270,1395,625,265,429]|[46,33,33,186,120,33,68]|[470,457,357,1802,933,262,348]|[502,488,536,3374,1947,870,946]|[662,716,766,3348,1861,699,761]|[749,830,714,4082,2850,1112,1047]|[461,526,453,1642,634,197,503]|[3111,3171,2511,17110,12121,5097,5633]|[176,155,208,687,209,66,259]
[5608,4322,3212,17887,9963,3857,9574]|[13262,12587,12127,55581,33184,12757,20298]|[9400,8666,8147,42844,23921,8855,11694]|[4705,4346,4022,22821,13052,4816,7581]|[2334,1877,1651,10300,6301,2288,3490]|[1348,1290,1355,8907,5230,1682,2659]|[24713,23659,21050,109996,66908,22102,19410]|[6450,5533,4512,22964,13281,4097,7798]|[1212,1221,937,6374,4725,1699,2016]|[1704,1356,1348,9555,5925,2149,3001]|[109568,121651,103298,695459,512013,170243,84756]|[25976,24970,24187,130380,85208,26356,20301]|[2039,1981,1551,8078,4376,1588,2320]|[350,374,341,2073,1105,332,976]|[514,481,483,3500,2182,835,1108]|[894,977,953,4544,2493,874,1547]|[1424,1596,1377,6310,3486,1338,2595]|[1679,1724,1504,11390,7989,2915,2891]|[3605,3845,3039,17349,12272,3871,3790]|[2312,2755,2721,16324,9927,3299,2543]|[1263,1611,1702,8330,4055,1494,1417]|[870,986,917,4517,2648,901,949]|[518,574,603,3330,1908,729,580]|[412,537,642,3836,2173,675,620]|[613,903,819,4413,2149,807,981]|[119,129,131,705,350,158,166]|[2220,2579,2380,16042,8874,3302,2422]|[8935,9527,8304,57750,40118,13032,9913]|[458,399,388,1692,836,330,762]|[349,364,329,1803,1088,355,638]|[280,270,236,974,322,107,474]|[974,858,778,4106,2311,827,1568]|[145,152,155,769,276,84,280]
[2346,1852,1523,10427,6136,2789,5870]|[10428,9484,8004,40842,22756,9343,13554]|[7790,6411,5054,28836,15826,6633,9406]|[2715,2786,2464,15660,9622,4258,4877]|[1183,1017,725,5723,3722,1547,2112]|[947,901,827,6831,4389,1989,2381]|[7421,6082,5421,35957,22931,8822,8491]|[3552,2470,2225,14062,8645,3496,4884]|[627,465,446,3727,2876,1244,1210]|[859,838,735,6171,4219,1964,2057]|[18618,17578,16574,140642,88915,37023,22048]|[92114,102192,94694,645696,446427,164435,79872]|[800,695,546,3805,2135,989,1191]|[199,201,211,1716,1095,457,560]|[283,265,231,1825,1389,548,978]|[357,498,415,2607,1697,674,780]|[696,769,862,4765,2913,1434,1420]|[720,494,468,5270,4239,2146,1602]|[1857,1864,1572,10549,7768,2503,1833]|[986,1257,1146,8418,5656,1938,1341]|[406,532,588,3042,1868,707,573]|[335,387,370,2084,1303,448,372]|[202,216,243,1437,772,326,268]|[201,263,290,1871,916,343,315]|[314,406,422,2303,1150,547,401]|[56,69,66,240,120,78,61]|[441,575,479,4383,2755,1144,708]|[4746,4269,3776,33360,26034,10605,7063]|[179,165,157,709,455,191,315]|[138,179,179,1048,717,349,447]|[107,115,118,545,173,83,286]|[336,340,392,2267,1386,616,933]|[40,50,49,275,94,39,134]
[6292,4492,3594,21060,13754,4760,7000]|[6040,4551,4565,23463,13701,5261,8693]|[2283,1743,1858,10625,6739,2324,2130]|[4096,3209,3625,19447,12571,5505,5841]|[3080,2471,2112,12876,8572,2981,2662]|[1104,923,937,6442,4031,1345,1357]|[7360,6090,5048,30031,21821,6450,4459]|[14082,11307,9936,56355,35585,12968,11934]|[718,697,530,4583,3970,1105,798]|[1141,945,946,7069,5104,1776,1424]|[1458,1413,1367,8682,6556,1716,1201]|[602,599,637,3847,2875,824,824]|[33897,39872,34480,234225,171172,65541,30573]|[287,254,255,1905,1263,338,419]|[395,310,280,2077,1638,561,387]|[441,476,596,2992,2138,751,748]|[910,934,981,4672,3027,1289,1518]|[2526,2633,2722,24816,21187,6920,3159]|[452,392,363,2038,1305,299,323]|[237,323,342,1510,991,272,144]|[162,226,248,1255,735,194,141]|[130,163,178,823,446,96,148]|[88,116,104,616,350,117,144]|[83,95,119,526,210,74,64]|[138,172,173,917,437,181,248]|[15,15,21,152,64,23,22]|[231,294,270,1515,886,238,164]|[219,342,352,2135,1898,469,301]|[149,186,164,809,548,141,200]|[155,189,165,889,616,217,200]|[92,108,120,427,163,49,119]|[481,466,434,2513,1638,477,530]|[36,46,55,201,55,18,80]
[4133,3292,2599,15476,9354,3929,8082]|[3805,3542,3299,16987,9333,3927,7255]|[469,508,479,2795,1529,643,1095]|[1337,1349,1363,8348,5489,2871,3296]|[923,686,604,4164,2915,1142,2018]|[1820,1469,1412,10130,6876,2822,3370]|[530,531,504,3343,2511,907,958]|[1059,954,923,5335,3435,1345,1967]|[3546,2839,2444,18301,13597,5341,4502]|[3740,2813,2562,16575,11876,5022,4368]|[339,287,336,2325,1411,473,496]|[233,246,236,1697,1067,440,446]|[308,344,253,1593,884,420,751]|[68327,77765,78393,549414,348306,136284,75742]|[7390,6097,5650,52270,34772,15435,10965]|[2204,1935,1683,12372,8052,3834,3250]|[1150,1372,1213,6316,4291,1876,2100]|[306,323,284,2234,1813,829,849]|[263,284,263,1465,872,291,454]|[117,133,151,721,440,154,203]|[118,90,122,507,251,107,143]|[80,79,67,368,206,57,113]|[48,58,63,305,161,77,121]|[65,63,58,316,139,72,112]|[86,87,98,523,231,121,221]|[13,14,13,74,32,11,26]|[178,155,108,580,285,80,194]|[128,128,141,980,617,230,312]|[728,764,747,4546,2892,1206,1151]|[874,912,781,5043,3995,1293,1411]|[379,430,319,1493,888,365,588]|[7818,7331,7303,61645,40942,18608,12970]|[90,124,111,424,144,60,209]
[11257,7446,4736,26441,16741,6037,10951]|[6633,6116,5527,25483,15410,6104,10260]|[1034,904,808,4306,2569,1121,1735]|[2106,1989,1819,10336,6782,2401,3309]|[1988,1323,947,6358,4690,1500,2210]|[4624,3363,2607,16537,12843,4082,4821]|[1091,1247,1041,5251,4063,1292,1249]|[1831,1617,1298,7128,4651,1627,2407]|[14867,14832,13195,78846,55952,18237,10733]|[8855,7685,6350,35123,25568,8918,6658]|[649,571,613,3612,2261,848,1032]|[385,319,319,1884,1464,410,628]|[538,481,380,2017,1295,529,677]|[12503,10012,8460,47146,32089,10963,8617]|[52489,60755,48160,326076,249763,82140,42292]|[5482,4770,4037,24989,15098,5901,4211]|[1897,1592,1324,5642,3879,1371,2227]|[580,481,422,2803,2498,1025,1038]|[309,372,299,1614,962,317,438]|[250,293,283,1186,675,198,220]|[199,218,192,770,376,148,234]|[130,132,133,609,288,91,195]|[121,121,105,399,195,76,104]|[81,71,80,470,169,60,118]|[140,154,133,729,290,136,203]|[18,23,30,134,68,31,47]|[227,256,209,840,371,132,217]|[225,292,250,1269,880,303,392]|[778,862,705,3457,2033,744,953]|[905,874,714,3715,2632,895,1045]|[352,454,399,1454,643,214,615]|[7248,6315,5066,31606,21212,7481,6468]|[175,188,206,699,243,89,242]
[10156,9023,7138,44904,26702,9574,11053]|[5153,4973,4581,23959,14209,4686,6528]|[910,797,791,5113,2960,1028,1294]|[1772,1751,1860,11632,7766,3484,3341]|[1171,1032,941,6379,4025,1277,1519]|[1334,1058,1049,7925,5354,1642,2306]|[1199,1177,1150,7689,5482,1575,1610]|[1238,1444,1378,8509,5458,1941,2279]|[4474,3907,3362,23249,17015,5228,4257]|[2183,2183,1995,13875,9403,3116,2640]|[568,620,658,4943,3333,937,925]|[352,431,377,2622,1611,536,673]|[542,684,487,3055,1889,829,825]|[2402,2152,2055,12913,8721,2726,2654]|[4153,3733,3657,25382,17409,5833,3406]|[81198,101386,90210,589340,370516,141873,77182]|[44101,35963,29654,138901,79106,32536,35614]|[3650,3716,3434,22211,16160,7564,5966]|[352,430,375,2441,1580,507,572]|[257,336,324,1978,1082,390,337]|[238,290,279,1483,805,228,353]|[129,163,159,1011,546,162,225]|[116,114,105,835,438,206,250]|[75,99,129,700,330,155,137]|[186,251,243,1449,747,337,394]|[28,34,41,244,89,66,69]|[354,378,315,1652,889,265,415]|[231,255,284,1924,1191,388,435]|[879,827,757,4293,2961,905,1191]|[908,992,758,5148,3627,1087,1324]|[475,508,554,2249,1094,299,603]|[7577,7712,6567,40834,26012,7953,7208]|[209,280,248,1101,374,131,320]
[9325,8588,7548,66577,51164,16869,16144]|[5128,6007,6947,43895,25766,9084,8937]|[1007,935,1083,8409,5195,1749,1744]|[2148,2401,2977,22022,15631,8879,6480]|[1234,1303,1132,9376,7051,2607,2100]|[1002,964,1028,9830,6721,2290,1866]|[1328,1287,1399,12188,9556,3502,1997]|[1375,1634,1783,14068,9901,4207,3220]|[1733,1793,1491,14912,12154,4139,2640]|[1391,1842,1974,15450,11097,3515,2351]|[735,686,700,7466,5611,1877,1355]|[496,540,673,5329,3341,1423,1119]|[574,611,530,5018,3670,1780,1426]|[551,872,854,7201,4976,2226,1673]|[839,734,677,6936,5315,1766,1445]|[13527,15441,15817,161839,117910,48495,27966]|[314257,353252,327873,2209961,1349219,533109,317007]|[15110,16701,16031,173928,146722,60202,32119]|[567,620,696,5461,3472,1426,897]|[361,401,494,3471,2143,791,476]|[404,515,544,3491,1999,708,505]|[225,248,238,1841,1155,511,353]|[194,190,197,1832,1106,543,350]|[88,124,169,1302,650,263,208]|[337,453,521,3409,1814,867,623]|[45,70,81,584,348,164,115]|[455,483,468,3308,2034,688,558]|[284,336,366,3207,2242,829,557]|[506,583,507,3846,2823,1124,794]|[731,793,741,5441,3871,1341,1070]|[504,840,869,3717,1277,469,653]|[1843,1735,1656,12674,8942,3312,2945]|[221,278,297,1379,563,166,341]
[14399,11550,8395,42492,26776,10851,14703]|[6377,5658,5587,23387,12990,5143,11663]|[2672,2159,1917,8242,5155,2014,3361]|[4648,3827,3758,15145,9208,4418,7283]|[3331,2558,1878,8571,5388,2112,3268]|[1392,1301,1139,5904,3787,1499,2261]|[12429,10038,7408,29762,19462,7031,7225]|[10537,8919,6692,26949,18024,6815,9378]|[1416,1261,1009,5454,4521,1596,1461]|[1524,1462,1433,7495,5165,1848,1838]|[2600,2322,1878,10879,7259,2687,3154]|[1487,1438,1124,4986,3463,1254,1733]|[6067,5624,4483,20925,11709,3989,3937]|[545,486,401,2607,1435,428,891]|[691,730,479,2968,2059,813,886]|[4309,4418,3711,22768,14996,5804,5212]|[53992,42694,33161,146419,88858,37695,53834]|[101042,110724,91554,592772,435184,165578,86581]|[674,679,528,3380,2004,673,1005]|[607,771,580,2753,1535,463,500]|[1064,1302,1285,8551,4232,1081,1046]|[320,321,269,1941,1397,385,239]|[207,206,202,1701,1157,366,260]|[116,145,159,1078,565,205,201]|[427,480,514,3546,1839,568,557]|[107,122,132,738,437,193,130]|[814,788,696,4820,3161,804,811]|[1256,967,782,4090,2954,755,1006]|[813,711,661,3706,2498,807,868]|[1683,1451,1038,4552,3050,965,1255]|[932,970,1198,7285,2459,558,911]|[1735,1475,1167,6645,4352,1336,2056]|[247,256,301,1279,447,161,299]
[1496,1415,1324,8655,5151,2011,5111]|[3586,4406,4870,25556,15099,4699,5613]|[1248,1297,1464,8231,5033,1560,2245]|[731,974,1144,7609,4974,1970,1673]|[424,461,408,3260,2164,753,961]|[358,379,440,3520,2080,708,1064]|[1079,1252,1273,8998,6652,1998,1813]|[741,960,924,6271,3739,1303,1345]|[518,457,468,3273,2393,812,980]|[435,452,536,3770,2587,894,1175]|[2288,2644,2515,15784,10997,3277,3153]|[2137,2515,2062,11136,7379,2228,2565]|[372,308,253,1845,1066,469,630]|[202,189,240,1422,807,304,639]|[189,200,207,1620,1051,379,503]|[374,443,358,2238,1415,582,876]|[754,848,855,4725,2940,1289,1682]|[384,438,445,3052,2129,1000,939]|[340257,349467,329948,2235509,1477391,495123,297025]|[21312,20192,17690,142732,94408,34680,21315]|[4175,3791,3797,25774,16679,6775,6449]|[8230,6252,5695,42860,30429,12206,10333]|[12352,8686,8197,59757,39626,14987,13070]|[14376,13605,12771,99015,60918,23378,17953]|[3225,3611,3326,19433,10863,4367,4136]|[335,408,418,2009,1002,431,401]|[1703,1577,1365,8070,4633,1468,1856]|[4686,4617,3818,25097,16958,5088,5831]|[145,177,201,850,444,181,413]|[186,200,249,1372,808,307,362]|[127,144,192,792,287,92,382]|[284,355,346,2096,1202,436,726]|[65,98,89,461,161,50,202]
[1058,943,801,5119,3742,1216,2574]|[2507,2926,2983,13623,8918,2676,3781]|[967,1063,1121,5657,3822,1054,1520]|[596,718,768,4626,3337,1161,1136]|[464,394,319,2306,1729,514,678]|[247,220,279,2051,1524,410,420]|[1139,1234,1119,7149,5812,1475,1446]|[801,896,660,3996,2997,847,1149]|[363,376,328,2326,2072,547,567]|[335,319,296,2268,1886,443,566]|[2501,2245,2006,13790,9387,2781,3010]|[1830,1927,1425,7561,5063,1446,1455]|[308,324,236,1237,891,274,325]|[119,101,128,677,482,110,285]|[178,142,122,1109,884,284,300]|[313,304,259,1660,1340,415,507]|[511,530,589,2880,1971,736,1031]|[324,340,329,2283,2154,758,670]|[30914,27281,22869,126659,88744,25023,23811]|[60247,67412,57267,396547,284128,93791,42181]|[5289,5008,4373,30720,18396,5884,5287]|[7034,5627,5024,34856,21463,7170,4476]|[2767,2260,2000,13852,9365,2728,2183]|[1696,1808,1593,10909,6297,1854,1819]|[1309,1467,1752,10582,4957,1767,1540]|[171,226,280,1360,643,277,194]|[2134,1722,1603,10257,6372,2103,1815]|[9393,9022,8088,48411,30102,10263,8129]|[99,138,137,613,424,132,259]|[105,123,114,755,576,200,154]|[68,105,101,432,176,53,191]|[242,235,256,1359,908,317,441]|[51,57,56,317,149,40,149]
[610,667,592,3778,2677,980,1699]|[892,1068,1193,6602,3965,1171,1724]|[323,345,360,2361,1613,436,650]|[338,409,426,2840,1832,652,751]|[237,219,220,1479,1164,378,364]|[129,175,133,1273,922,314,324]|[651,724,617,4218,3150,776,824]|[433,557,443,2835,1870,647,897]|[208,287,243,1696,1397,377,470]|[213,229,245,1754,1342,416,512]|[1143,1179,985,7329,4724,1438,1426]|[563,544,446,3092,1861,512,552]|[231,190,132,998,680,243,319]|[80,60,62,490,377,88,123]|[85,95,98,839,610,167,175]|[253,211,201,1243,943,396,403]|[538,545,459,2783,1912,771,841]|[1097,1123,1152,7046,3956,1558,1668]|[6322,4581,4145,26719,16797,4543,5684]|[5335,5107,4655,30595,19315,5072,3936]|[69460,73885,69370,495622,301141,103869,62320]|[10512,8735,7307,49515,27056,9421,9241]|[1302,1057,985,6611,3729,974,1084]|[663,682,649,4277,2381,689,800]|[5431,5320,4589,33135,17243,5616,4784]|[320,389,510,3138,1607,554,364]|[1770,1679,1699,12729,7495,2483,2086]|[1931,1847,1608,10609,6224,1822,2001]|[82,89,105,560,312,97,217]|[103,96,79,675,437,145,170]|[112,89,98,550,159,60,229]|[188,179,184,1236,906,285,451]|[43,47,68,281,130,40,105]
[496,429,427,2658,1828,590,1375]|[734,915,923,5270,3060,967,1869]|[343,314,303,1773,1137,313,619]|[257,296,350,2159,1410,506,637]|[198,170,172,1121,735,207,244]|[119,101,99,988,711,200,215]|[429,449,374,2664,2207,515,598]|[397,401,350,1829,1266,372,505]|[125,183,191,1166,953,272,396]|[168,125,141,1177,812,204,422]|[660,646,539,3997,2917,815,857]|[434,360,322,1968,1267,321,580]|[140,110,100,641,436,179,206]|[53,33,37,389,211,80,141]|[65,63,60,539,472,132,125]|[161,131,139,793,611,227,345]|[329,301,336,1626,1061,461,613]|[259,314,347,1895,992,381,408]|[10890,8201,7090,40590,29553,8202,10813]|[6768,5710,4860,32329,21491,6520,4690]|[7917,7223,6699,50424,30102,9668,9152]|[47510,50951,51131,354082,224170,76387,39212]|[2855,2568,2663,18191,10928,2981,2177]|[1231,1258,1090,7527,4328,1147,1463]|[3778,3833,3956,25153,12178,3606,3435]|[218,334,462,2339,1075,300,277]|[621,678,649,4515,2595,877,830]|[784,817,590,4134,2641,735,1111]|[60,46,49,358,209,74,135]|[48,65,58,404,328,116,97]|[67,60,39,268,113,44,111]|[110,108,109,827,534,151,235]|[37,38,32,161,75,27,82]
[344,307,264,1874,1305,463,1340]|[624,727,751,3778,2319,618,1334]|[176,206,189,1158,778,210,389]|[233,199,254,1574,1163,579,639]|[123,122,86,745,591,178,298]|[80,95,87,764,555,171,211]|[214,281,230,1875,1442,333,364]|[214,242,212,1416,973,355,455]|[117,126,112,975,737,199,315]|[105,123,125,921,647,174,245]|[395,413,385,2694,2014,547,809]|[235,220,225,1407,924,283,438]|[66,65,61,517,389,151,267]|[28,28,36,325,217,96,143]|[41,65,43,464,358,90,105]|[109,95,95,687,583,312,378]|[300,290,272,1518,1043,649,848]|[221,319,274,1327,816,396,647]|[12818,10359,8840,54015,41610,10481,16827]|[2578,2527,1896,12262,8935,2526,2628]|[955,1119,1029,6085,3619,947,1704]|[3210,2754,2358,16894,9969,3063,3612]|[62380,66846,66146,487804,321507,114341,54077]|[9938,8420,8576,63431,40637,11683,12316]|[6457,5580,5204,36606,19321,6672,6367]|[520,456,469,2679,1344,487,457]|[528,454,467,2759,1754,578,926]|[420,461,322,2425,1931,484,624]|[55,49,43,277,141,73,153]|[58,56,78,464,320,159,132]|[74,52,43,245,118,33,209]|[83,113,99,611,403,148,377]|[30,22,39,181,83,20,97]
[292,282,298,1984,1280,414,1273]|[631,753,727,4272,2638,791,1295]|[159,191,207,1321,960,261,305]|[167,209,210,1491,995,409,413]|[68,77,98,709,533,164,200]|[69,99,104,709,587,162,152]|[165,213,212,1807,1427,363,288]|[171,212,234,1294,867,291,344]|[88,107,112,864,674,187,274]|[91,115,90,925,753,203,300]|[403,461,402,2812,1908,549,725]|[216,239,251,1772,1129,326,439]|[57,50,52,425,334,119,111]|[32,33,34,310,226,72,128]|[35,50,53,382,282,85,157]|[59,85,68,524,488,191,220]|[150,175,198,1116,762,345,369]|[111,136,124,772,640,303,364]|[18099,14821,14177,90273,57680,18455,23296]|[1808,1621,1431,9679,6063,1895,2438]|[606,710,686,3949,2239,590,1279]|[1548,1196,1150,7114,4024,1382,1741]|[11918,8546,8376,64906,38323,13586,12898]|[61814,66439,65782,465144,296033,104559,62251]|[1937,1901,1704,9416,4688,1525,2181]|[218,206,188,1013,419,162,202]|[332,362,346,1997,1213,287,597]|[452,428,449,2904,1908,572,654]|[31,31,48,235,137,58,134]|[44,48,52,340,268,82,103]|[27,35,41,201,86,29,91]|[81,87,99,643,411,137,259]|[16,26,27,127,58,12,74]
[416,389,366,3223,2416,871,1140]|[681,786,856,5469,3489,1019,1155]|[173,230,245,1926,1337,403,334]|[261,344,378,3002,2256,1043,763]|[132,163,146,1399,1156,381,221]|[113,148,143,1321,1050,366,246]|[272,308,362,3250,2539,741,387]|[236,281,262,2315,1867,709,442]|[120,127,181,1627,1373,412,317]|[187,140,213,1508,1229,441,304]|[432,434,465,3997,3026,852,756]|[242,256,288,2166,1662,614,493]|[103,84,87,807,708,331,219]|[45,59,75,480,442,195,108]|[60,66,59,754,626,195,110]|[130,159,168,1320,1052,568,418]|[412,443,437,3218,2625,1342,813]|[368,439,424,2638,2280,1089,721]|[3365,3024,3021,20178,12762,3438,3680]|[1173,1175,1073,8687,5426,1515,1206]|[4731,4382,4303,30341,17920,5767,5450]|[2682,2912,2824,21678,12224,3497,2985]|[4426,4558,4416,39331,21856,6906,5068]|[1111,1337,1182,9869,5823,1456,1424]|[88005,99387,97004,692961,386008,135168,82113]|[3003,3062,3560,30369,13776,5347,3114]|[497,615,583,4191,2836,920,968]|[389,370,379,3288,2417,674,461]|[65,58,60,492,302,122,151]|[51,66,75,655,431,162,97]|[62,54,60,367,148,54,117]|[109,158,133,1097,852,330,307]|[19,34,45,218,93,45,84]
[67,63,59,536,420,157,205]|[112,109,129,779,526,137,187]|[30,45,40,308,208,36,61]|[41,39,55,410,265,103,75]|[18,26,26,247,173,52,44]|[26,18,23,238,195,55,42]|[48,56,48,578,392,111,53]|[48,44,35,401,309,126,83]|[25,34,37,348,256,68,80]|[31,27,29,288,200,48,43]|[79,59,82,707,503,133,104]|[33,32,46,323,241,62,49]|[17,14,13,115,114,32,31]|[12,11,12,99,70,19,24]|[8,9,12,164,123,37,24]|[25,35,29,262,218,75,61]|[77,91,92,647,441,221,176]|[82,102,76,658,567,268,153]|[341,356,304,2229,1435,275,389]|[148,124,152,1214,733,149,133]|[461,411,314,2502,1477,349,380]|[268,262,223,1943,1041,177,244]|[356,342,315,3088,1682,368,461]|[150,157,144,1085,656,122,143]|[4525,4222,3790,27754,13770,3023,2930]|[13556,14795,13485,97624,48285,14415,9776]|[75,92,93,669,438,101,149]|[27,51,70,521,348,75,44]|[8,15,10,92,59,16,22]|[12,18,17,127,81,22,16]|[9,20,8,70,50,10,20]|[34,26,35,266,128,64,73]|[8,8,5,51,26,9,17]
[688,735,737,3860,2461,859,1361]|[840,911,934,5203,2685,878,2647]|[480,355,421,2076,1158,378,949]|[323,386,425,2331,1501,473,947]|[279,223,224,1299,981,247,458]|[112,138,167,1180,833,245,356]|[988,970,747,4228,2623,801,1418]|[679,663,559,2854,1680,507,1076]|[221,222,208,1471,1232,323,349]|[316,266,258,1517,1072,274,401]|[2482,2374,2293,14880,8228,2953,3267]|[1154,868,710,3944,2019,710,1288]|[215,247,245,1172,732,225,330]|[72,61,98,564,402,118,141]|[90,94,127,813,604,159,133]|[197,278,278,1383,1067,431,329]|[373,511,575,2663,1542,653,737]|[500,603,809,4943,2839,1051,946]|[1268,1563,1385,8264,5111,1454,1515]|[1563,1821,1818,11693,6719,2143,1869]|[1714,2086,2471,15197,8162,2493,1800]|[656,837,913,5118,2961,1031,768]|[364,415,459,3036,1833,614,446]|[212,307,390,2300,1249,386,275]|[450,718,903,4558,2333,885,801]|[78,111,132,643,287,157,136]|[13903,15165,14564,109317,70457,28192,14477]|[5984,6638,6155,46359,27562,8823,5637]|[77,119,122,684,489,162,210]|[60,70,98,661,621,205,214]|[67,89,125,507,209,78,154]|[178,222,273,1294,939,326,361]|[32,47,69,258,75,33,83]
[1410,1193,1016,6082,3654,1487,3804]|[3524,4123,4021,19398,11442,4088,6824]|[1936,1952,1924,9256,5541,2187,4037]|[1005,1148,1161,6993,4494,1593,2277]|[528,447,395,2915,2128,806,1095]|[406,400,428,3406,2052,751,1001]|[2857,3014,2605,12693,9121,2963,4228]|[1392,1393,1217,6626,4198,1282,2477]|[380,367,409,2369,1798,624,794]|[434,477,527,3269,2379,839,1096]|[11641,9722,8331,53860,33285,12922,12335]|[9093,7468,6165,30772,21374,7682,8613]|[595,484,405,1948,1137,466,691]|[127,157,140,1058,632,203,351]|[181,198,195,1231,1024,331,494]|[320,363,302,1620,1111,355,632]|[505,575,565,2867,1821,714,1121]|[720,486,500,4274,3090,1252,1412]|[4965,4868,4083,23180,16414,4487,4957]|[7588,7406,7152,50973,32327,11457,6840]|[1535,1825,1684,11274,6306,2230,1913]|[824,839,740,4393,2540,789,803]|[462,497,452,2308,1408,449,602]|[394,428,456,3040,1648,521,450]|[403,619,594,3110,1561,675,734]|[73,72,92,426,210,103,85]|[5894,6036,6712,46508,26866,9186,5553]|[93381,98827,86638,596339,416061,137226,75456]|[139,144,145,618,377,146,388]|[130,151,141,860,544,210,282]|[97,92,114,471,149,51,224]|[320,343,319,1762,946,344,825]|[43,57,54,292,94,29,158]
[1275,1233,871,6344,4228,1416,2298]|[1112,1251,1142,6391,4315,1201,1590]|[214,198,182,1390,982,234,397]|[364,397,421,2574,1842,658,698]|[348,238,173,1584,1142,304,382]|[253,265,249,2229,1599,441,485]|[504,373,287,2387,1852,462,323]|[388,386,290,2219,1575,528,590]|[762,701,585,4704,3526,902,838]|[480,507,433,3514,2400,671,778]|[183,238,200,1949,1666,425,347]|[90,94,86,821,675,175,195]|[141,150,106,816,548,198,254]|[787,730,616,4702,2761,1047,1243]|[496,487,400,3952,2776,834,782]|[974,745,604,4064,2989,978,918]|[760,811,652,3597,2537,1057,1143]|[491,506,498,3698,2727,1085,1035]|[116,114,143,942,720,228,237]|[56,106,102,748,506,158,135]|[79,88,91,638,355,89,121]|[58,47,66,383,276,89,103]|[26,38,39,325,232,70,81]|[32,33,50,277,182,62,60]|[53,65,60,485,265,79,172]|[12,11,12,83,48,22,23]|[187,151,115,834,477,114,276]|[90,72,93,690,580,163,145]|[57161,60216,55655,375575,234767,87558,48830]|[25256,19657,15638,81326,53397,17885,16254]|[3670,2861,3017,14141,6593,2344,4755]|[9822,7222,5797,44667,23562,8288,9107]|[1164,1127,1499,5524,1796,657,1290]
[1990,1833,1332,8856,5882,2123,3660]|[1973,2222,2082,11588,6854,2213,2763]|[250,271,299,1877,1218,396,394]|[493,555,536,3499,2205,861,850]|[386,315,261,1909,1368,482,500]|[292,463,372,2879,1887,644,586]|[415,494,381,2766,2004,750,822]|[543,520,404,2845,2095,659,706]|[1130,1162,919,6897,4630,1390,1261]|[655,701,610,4420,3103,1071,855]|[199,240,229,1915,1424,499,439]|[119,149,147,1159,944,243,228]|[165,200,160,934,532,199,242]|[750,881,748,5625,3358,1030,1715]|[686,544,456,4011,3062,1091,793]|[919,1039,756,4996,3360,1058,1038]|[942,1095,987,5251,3046,1114,1402]|[612,501,457,5097,4062,1770,1248]|[177,222,217,1397,910,290,388]|[103,129,122,851,472,168,175]|[96,128,94,676,348,128,138]|[68,62,78,435,257,100,128]|[47,49,58,473,293,102,98]|[30,51,51,421,218,85,55]|[71,76,92,568,277,117,175]|[20,15,13,88,50,15,33]|[155,167,171,847,448,152,237]|[105,110,123,914,624,219,214]|[13760,10465,9679,89266,63924,26958,18414]|[162165,173940,162182,1175440,770691,287954,152638]|[15366,8535,7293,51587,30806,14285,24388]|[8174,5844,4516,31896,19550,6825,9077]|[2713,1904,2284,9482,4076,1686,2965]
[410,511,349,3337,2436,702,817]|[315,443,394,2927,1995,530,675]|[55,95,80,778,598,134,121]|[123,160,174,1412,1057,349,255]|[117,113,88,983,751,207,165]|[78,118,106,1291,1046,231,158]|[108,122,123,1500,1168,227,135]|[149,133,152,1404,1050,318,245]|[225,293,310,3069,2126,407,321]|[136,159,175,1846,1408,339,215]|[70,89,94,1168,938,198,122]|[34,56,60,592,486,116,86]|[26,46,46,501,314,82,62]|[225,294,203,1757,1197,349,527]|[176,142,136,1586,1341,288,309]|[211,243,225,2207,1624,473,401]|[342,468,425,3552,2540,657,537]|[386,565,653,6050,3668,732,498]|[85,80,102,948,623,164,144]|[40,46,62,505,386,69,54]|[45,67,56,688,346,77,57]|[29,38,32,307,232,43,56]|[24,25,46,367,214,51,50]|[24,24,23,239,141,40,27]|[29,42,40,445,243,68,50]|[2,11,14,81,50,12,12]|[64,60,62,583,298,54,82]|[34,35,55,498,421,83,75]|[2323,1543,1546,14321,10154,2037,2466]|[12403,9288,8450,59853,42413,8287,10918]|[36482,37092,35817,255795,154956,55422,41845]|[876,803,695,6189,4254,1063,1295]|[2039,1966,2494,15491,5153,1639,2290]
[6019,4572,3662,22764,14925,5477,11003]|[4561,4570,4194,22056,13109,4869,8508]|[616,648,688,4041,2527,881,1376]|[1551,1482,1575,8849,5836,2458,3112]|[1139,1051,810,5448,3750,1318,1983]|[1776,1550,1507,9802,7107,2454,3375]|[828,945,804,5470,4269,1414,1325]|[1265,1351,1186,7299,5152,1759,2188]|[4337,4395,3613,23542,18097,5847,5292]|[3440,3030,2741,16917,12475,4530,4884]|[663,643,663,4361,3192,946,1156]|[289,303,332,2339,1826,569,606]|[510,430,419,2311,1466,631,734]|[12082,10215,9573,58418,37620,13783,13056]|[6222,5560,4626,32617,22249,7902,6927]|[8001,6651,5632,39569,24826,9476,8179]|[2401,2772,2190,11275,7663,2887,3877]|[889,976,904,6223,5219,2294,2321]|[371,358,352,2069,1350,386,736]|[209,299,256,1549,868,339,359]|[232,279,296,1362,706,278,417]|[198,172,155,736,480,143,320]|[102,108,125,669,404,126,179]|[121,118,117,706,337,110,160]|[146,187,170,1130,519,235,452]|[42,31,35,196,112,42,57]|[344,332,288,1426,729,228,520]|[223,230,237,1697,1285,391,507]|[5828,6516,6561,46214,27426,9854,8402]|[6158,6027,4889,31055,23923,7024,7555]|[1444,1387,1282,6122,3047,998,1942]|[167890,179837,160077,1107988,708981,255615,150854]|[566,635,662,2752,847,291,1086]
[155,166,192,2024,1489,344,238]|[150,231,236,2014,1419,405,301]|[43,59,52,635,416,99,75]|[53,80,83,780,611,170,112]|[58,45,51,633,452,110,61]|[35,53,56,715,433,126,53]|[61,116,93,1109,836,203,87]|[69,64,75,727,575,119,65]|[88,115,155,1973,1344,280,147]|[44,76,80,952,701,160,111]|[57,44,85,959,724,165,90]|[27,21,31,348,262,77,54]|[14,11,16,239,199,57,22]|[46,40,38,583,363,109,56]|[55,64,62,934,668,170,76]|[66,95,101,1079,894,221,129]|[133,154,166,1453,999,357,214]|[69,76,114,1424,938,259,155]|[50,74,66,618,443,93,63]|[20,35,47,440,310,70,36]|[22,32,41,346,238,55,39]|[16,22,32,190,142,54,33]|[14,22,14,202,142,45,26]|[10,23,22,150,101,30,12]|[18,27,29,254,147,45,37]|[6,4,6,65,35,12,6]|[12,28,17,284,200,48,36]|[23,35,39,340,283,73,37]|[390,510,485,6271,4073,917,487]|[1163,1261,1230,11598,7263,1323,1294]|[1274,1319,1316,12035,5858,1316,1339]|[245,260,252,2948,2039,457,308]|[8248,11495,12419,86488,37402,10130,8490]