Destination,0
100001,327
100002,126949
100003,413549
100004,623552
100005,836307
100006,1102813
100007,1261056
100008,1434915
100009,1705206
100010,1921098
100011,2186757
100012,2449503
100013,2785549
100014,2969564
100015,3220414
100016,3335458
100017,3480008
100018,3651314
100019,3898967
100020,4081866
100021,4349036
100022,4528665
100023,4750172
100024,4994264
100025,5145957
100026,5431351
100027,5735098
100028,5974858
100029,6208201
100030,6535905
100031,6906845
100032,7182023
100033,7539015
100034,7871290
100035,8178493
100036,8409920
100037,8724597
100038,8980431
100039,9315969
100040,9623310
100041,9890440
100042,10171487
100043,10459428
100044,10684828
100045,10871617
100046,11190034
100047,11502226
100048,11857100
100049,12112237
100050,12390905
100051,12647688
100052,12912228
100053,13094539
100054,13139127
100055,13299288
100056,13481846
100057,13736864
100058,13945702
100059,14061456
100060,14295768
100061,14541890
100062,14728093
100063,14946158
100064,15182988
100065,15402161
100066,15600992
100067,15783977
100068,16025625
100069,16277916
100070,16495412
100071,16509010
100072,16689092
100073,17041059
100074,17242773
100075,17344569
100076,17461676
100077,17670323
100078,17750342
100079,17828469
100080,18037159
100081,18234385
100082,18476304
100083,18696708
100084,18867178
100085,19142264
100086,19304147
100087,19521929
100088,19744456
100089,19950786
100090,20171372
100091,20351102
100092,20510246
100093,20776994
100094,21004126
100095,21258570
100096,21453153
100097,21715476
100098,21938542
100099,22164060
100100,22461388
100101,22744315
100102,22937031
100103,23013085
100104,23134495
100105,23355984
100106,23590058
100107,23662339
100108,23851901
100109,24010212
100110,24237440
100111,24449983
100112,24762148
100113,24969146
100114,25119461
100115,25312167
100116,25501901
100117,25699030
100118,25907783
100119,26142375
100120,26392025
100121,26585710
100122,26834811
100123,27025413
100124,27219565
100125,27444719
100126,27547854
100127,27749477
100128,27999875
100129,28239113
100130,28492411
100131,28752243
100132,28943636
100133,29092031
100134,29101662
100135,29371493
100136,29569937
100137,29717221
100138,29958425
100139,30171611
100140,30404593
100141,30644105
100142,30804722
100143,30995044
100144,31156342
100145,31324261
100146,31472598
100147,31679785
100148,31897628
100149,32134948
100150,32334834
100151,32574170
100152,32779421
100153,32918455
100154,33077017
100155,33287827
100156,33466782
100157,33640717
100158,33784659
100159,33971362
100160,34151601
100161,34352066
100162,34566712
100163,34815704
100164,35042777
100165,35200934
100166,35381571
100167,35522835
100168,35708635
100169,35923655
100170,36101783
100171,36258519
100172,36374111
100173,36560040
100174,36727343
100175,36955718
100176,37293551
100177,37507539
100178,37744912
100179,37951439
100180,38148800
100181,38339827
100182,38533578
100183,38764900
100184,38997924
100185,39234252
100186,39394363
100187,39587307
100188,39775817
100189,39993679
100190,40149495
100191,40293951
100192,40443915
100193,40705387
100194,40880799
100195,41134438
100196,41385084
100197,41631495
100198,41869211
100199,41955409
100200,42186642
100201,42437432
100202,42759184
100203,43043551
100204,43185594
100205,43359321
100206,43551057
100207,43761626
100208,43893994
100209,44067975
100210,44241250
100211,44443138
100212,44652895
100213,44946692
100214,45200188
100215,45467805
100216,45670128
100217,45841092
100218,45851128
100219,46065884
100220,46251067
100221,46484948
100222,46691124
100223,46831041
100224,47329673
100225,47447715
100226,47706460
100227,47968426
100228,48189738
100229,48447484
100230,48691412
100231,48872423
100232,49089192
100233,49203251
100234,49453666
100235,49658285
100236,49898655
100237,50099278
100238,50315967
100239,50515722
100240,50785957
100241,50953741
100242,51115594
100243,51357159
100244,51436229
100245,51768353
100246,52038393
100247,52388864
100248,52583556
100249,52828519
100250,53086411
100251,53217382
100252,53442227
100253,53654223
100254,53911432
100255,54044945
100256,54222141
100257,54457007
100258,54687173
100259,54960958
100260,55070660
100261,55331984
100262,55586720
100263,55818957
100264,56033448
100265,56275061
100266,56523162
100267,56734534
100268,56975992
100269,57165156
100270,57381589
100271,57652132
100272,57896235
100273,58127117
100274,58237139
100275,58411620
100276,58647073
100277,58902603
100278,59079573
100279,59256461
100280,59476931
100281,59695962
100282,59843756
100283,60008376
100284,60197021
100285,60444829
100286,60705731
100287,60869012
100288,61017956
100289,61277787
100290,61567361
100291,61767533
100292,61911522
100293,62208578
100294,62416694
100295,62618692
100296,62843627
100297,62984655
100298,63179460
100299,63377607
100300,63539827
100301,63747039
100302,63889649
100303,64067926
100304,64237898
100305,64413827
100306,64608810
100307,64703365
100308,65005682
100309,65126745
100310,65399044
100311,65556488
100312,65697356
100313,65764506
100314,65943814
100315,66124380
100316,66235992
100317,66430790
100318,66626212
100319,66796323
100320,66973520
100321,67130646
100322,67380194
100323,67533559
100324,67735119
100325,67966792
100326,68099892
100327,68265863
100328,68495302
100329,68753698
100330,68817399
100331,69087211
100332,69367184
100333,69520335
100334,69705934
100335,69759415
100336,70049341
100337,70275684
100338,70515754
100339,70745364
100340,71000275
100341,71200434
100342,71456054
100343,71659827
100344,71810380
100345,72048665
100346,72287192
100347,72383575
100348,72627257
100349,72876489
100350,73081471
100351,73273295
100352,73463492
100353,73695419
100354,73824324
100355,74068371
100356,74199387
100357,74492042
100358,74792057
100359,75020005
100360,75223575
100361,75388778
100362,75519728
100363,75674256
100364,75864273
100365,76035602
100366,76185118
100367,76361181
100368,76563154
100369,76769907
100370,76916282
100371,77099242
100372,77284075
100373,77416534
100374,77606869
100375,77748261
100376,77899326
100377,78076355
100378,78267182
100379,78483931
100380,78533186
100381,78780530
100382,78981863
100383,79265158
100384,79394011
100385,79524533
100386,79701260
100387,79868126
100388,80007207
100389,80272825
100390,80501290
100391,80808412
100392,80979148
100393,81137613
100394,81266797
100395,81560295
100396,81744689
100397,81936018
100398,82170511
100399,82337467
100400,82526973
100401,82688232
100402,82920924
100403,83043841
100404,83252544
100405,83576395
100406,83756931
100407,83905248
100408,84089657
100409,84385205
100410,84565888
100411,84752427
100412,84968625
100413,85214086
100414,85457503
100415,85712444
100416,85952678
100417,86168105
100418,86360709
100419,86641694
100420,86838289
100421,87029249
100422,87148959
100423,87322266
100424,87559255
100425,87775408
100426,88054464
100427,88163400
100428,88269578
100429,88541568
100430,88822877
100431,89063523
100432,89293481
100433,89435415
100434,89596554
100435,89757901
100436,89939229
100437,90246531
100438,90462574
100439,90764232
100440,90821414
100441,91053122
100442,91271462
100443,91507720
100444,91734505
100445,91809510
100446,91902419
100447,92078924
100448,92136498
100449,92449946
100450,92582974
100451,92704225
100452,92948521
100453,93265887
100454,93494395
100455,93687327
100456,93883620
100457,94131657
100458,94241118
100459,94421121
100460,94634725
100461,94851602
100462,95087250
100463,95275789
100464,95487298
100465,95702601
100466,95924509
100467,96107615
100468,96311888
100469,96508332
100470,96768915
100471,96974548
100472,97228450
100473,97386618
100474,97509748
100475,97711957
100476,97810351
100477,97977199
100478,98170896
100479,98284870
100480,98409539
100481,98711674
100482,98971082
100483,99202679
100484,99541470
100485,99769379
100486,100061177
100487,100303925
100488,100443786
100489,100527807
100490,100714539
100491,100956580
100492,101185493
100493,101355316
100494,101576575
100495,101751162
100496,101823861
100497,101884421
100498,102046878
100499,102218501
100500,102380535
100501,102706744
100502,102976560
100503,103273139
100504,103504170
100505,103704043
100506,103920097
100507,104030406
100508,104107864
100509,104216387
100510,104404229
100511,104541776
100512,104686486
100513,104827564
100514,104966961
100515,105177599
100516,105240732
100517,105403704
100518,105590286
100519,105843727
100520,106016137
100521,106194178
100522,106382768
100523,106576542
100524,106694106
100525,106803307
100526,106942584
100527,107069368
100528,107273578
100529,107458799
100530,107585771
100531,107718759
100532,107912205
100533,108053614
100534,108230475
100535,108357218
100536,108491971
100537,108616060
100538,108908684
100539,109178324
100540,109420114
100541,109660048
100542,109854351
100543,109960325
100544,110116150
100545,110371435
100546,110700016
100547,110987719
100548,111192253
100549,111478948
100550,111699578
100551,111838495
100552,111972057
100553,112137853
100554,112275165
100555,112438629
100556,112689297
100557,112815902
100558,113020723
100559,113185699
100560,113347937
100561,113377620
100562,113505627
100563,113698972
100564,113890213
100565,113923751
100566,114100872
100567,114184977
100568,114252314
100569,114380478
100570,114489427
100571,114573621
100572,114704685
100573,114905375
100574,115024555
100575,115192886
100576,115367868
100577,115541865
100578,115701438
100579,115865831
100580,115959085
100581,116117940
100582,116319009
100583,116440937
100584,116581303
100585,116737664
100586,116899760
100587,117022502
100588,117243513
100589,117347971
100590,117473263
100591,117562948
100592,117675514
100593,117758275
100594,117893892
100595,118118229
100596,118307802
100597,118354788
100598,118563384
100599,118726682
100600,118995666
100601,119066845
100602,119303835
100604,119444362
100605,119477451
100606,119536168
100607,119612876
100608,119812444
100609,119960663
100610,120202439
100611,120466732
100612,120536969
100613,120730753
100614,120875145
100615,120956928
100616,121130549
100617,121296214
100618,121433720
100619,121529230
100620,121616271
100621,121780552
100622,121860469
100623,121868758
100624,121874310
100625,121918715
100626,121959270
100627,122087815
100628,122436514
100629,122436577
100630,122568565
100631,122673562
100632,122731985
100633,122806627
100634,122997261
100635,123118900
100636,123216785
100637,123305138
100638,123453779
100639,123658575
100640,123804236
100641,123934539
100642,123965071
100643,124054914
100644,124194996
100645,124289607
100646,124349888
100647,124507074
100648,124732359
100649,124840433
100650,125001961
100651,125061433
100652,125130652
100653,125338939
100654,125608248
100655,125682108
100656,125773111
100657,125831296
100658,126070088
100660,126138873
100661,126211891
100662,126373114
100663,126533084
100664,126712973
100665,126750244
100666,126890280
100667,126923758
100668,127031033
100669,127164604
100670,127265971
100671,127445765
100672,127727570
100673,127832259
100674,128024590
100675,128329499
100676,128502008
100677,128791825
100678,128990579
100679,129051956
100680,129327513
100681,129455438
100682,129492382
100683,129652045
100684,129742248
100685,130093641
100686,130245507
100687,130362295
100688,130510434
100689,130658138
100690,130869765
100691,130988765
100692,131118901
100693,131268444
100694,131457640
100695,131676298
100696,131899703
100697,132008713
100698,132188580
100699,132236359
100700,132480892
100701,132666050
100702,132834799
100703,132990232
100704,133181508
100705,133376015
100706,133527357
100707,133597719
100708,133709198
100709,133860867
100710,133960738
100711,134115918
100712,134350016
100713,134482972
100714,134599340
100715,134779118
100716,134801725
100717,134933365
100718,135022946
100719,135160067
100720,135268406
100721,135358767
100722,135545572
100723,135673895
100724,135837264
100725,135962684
100726,136124038
100727,136321694
100728,136453258
100729,136608767
100730,136758059
100731,136950437
100732,137128276
100733,137243273
100734,137360875
100735,137502777
100736,137658248
100737,137795361
100738,137985737
100739,138142984
100740,138250519
100741,138440467
100742,138663276
100743,138747503
100744,138818169
100745,138944690
100746,139077941
100747,139117868
100748,139174219
100749,139272997
100750,139474711
100751,139592310
100752,139751822
100753,139877545
100754,139939202
100755,140032738
100756,140194978
100757,140331724
100758,140484567
100759,140667831
100760,140873934
100761,141049102
100762,141197115
100763,141301673
100764,141488254
100765,141590343
100766,141740694
100767,141829428
100768,142006856
100769,142194639
100770,142388060
100771,142513263
100772,142675866
100773,142760689
100774,142880008
100775,143086036
100776,143254827
100777,143293382
100778,143314902
100779,143508126
100780,143598874
100781,143684960
100782,143739856
100783,143742366
100784,143810966
100785,143886225
100786,144011251
100787,144092664
100788,144217799
100789,144320295
100790,144447553
100791,144502092
100792,144503968
100793,144533562
100794,144571910
100795,144695497
100796,144856566
100797,145005102
100798,145150582
100799,145163448
100800,145259925
100801,145306615
100802,145525751
100803,145575039
100804,145712039
100805,145926793
100806,146211159
100807,146429351
100808,146494207
100809,146714020
100810,146809551
100811,147030235
100812,147223094
100813,147481737
100814,147657506
100815,147784400
100816,147896379
100817,148102199
100818,148352314
100819,148455983
100820,148612664
100821,148791472
100822,148875448
100823,148953647
100824,149125562
100825,149286135
100826,149434521
100827,149675818
100828,149840192
100829,150050026
100830,150223317
100831,150328635
100832,150593813
100833,150727892
100834,150879532
100835,151022917
100836,151226757
100837,151432923
100838,151552128
100839,151755755
100840,152007051
100841,152210828
100842,152335610
100843,152452540
100844,152593130
100845,152618438
100846,152768783
100847,153027319
100848,153269338
100849,153418338
100850,153668322
100851,153876523
100852,154082302
100853,154252751
100854,154483448
100855,154702406
100856,154916593
100857,155077421
100859,155326012
100860,155381140
100861,155570443
100862,155740212
100864,155847507
100865,156093319
100866,156319000
100867,156371494
100869,156546743
100870,156764618
100871,157059751
100872,157156180
100873,157348050
100874,157551635
100875,157605384
100876,157747898
100877,157883667
100878,157970065
100879,158145396
100880,158330402
100881,158468426
100882,158608055
100883,158778936
100884,158994496
100885,159196522
100886,159356684
100887,159447514
100888,159561226
100889,159618745
100890,159759225
100891,159893968
100892,160010663
100893,160067771
100894,160233501
100895,160366752
100896,160439046
100897,160474731
100898,160624735
100899,160793952
100900,160897430
100901,161032858
100902,161067194
100903,161098608
100904,161302013
100905,161523560
100906,161604652
100907,161717860
100908,161862301
100909,161942899
100910,162000902
100911,162104288
100912,162237521
100913,162340012
100914,162426160
100915,162502599
100916,162645653
100918,162649558
100920,162792782
100921,162930538
100922,163092806
100924,163335047
100925,163505116
100926,163656574
100927,163797756
100928,163870587
100929,163876113
100930,163948434
100931,164166783
100932,164292037
100933,164508472
100934,164640780
100935,164776856
100936,164950021
100937,165148913
100938,165226155
100939,165361471
100940,165402493
100941,165598529
100942,165778379
100943,165869305
100944,165869872
100945,166014992
100946,166171263
100947,166395382
100948,166598532
100949,166857246
100950,167090021
100951,167311622
100952,167488049
100953,167640602
100954,167841452
100955,167932536
100956,168122564
100957,168246975
100958,168426510
100959,168531666
100960,168640882
100961,168706168
100962,168732884
100963,168820536
100964,168979445
100965,169159398
100966,169232798
100967,169303854
100968,169401614
100969,169444777
100970,169562577
100971,169595633
100972,169728885
100973,169864586
100974,169994991
100975,170194263
100976,170373255
100977,170404218
100978,170593166
100979,170702302
100980,170831133
100981,170970819
100982,171088430
100983,171197246
100984,171324100
100985,171432326
100986,171581809
100987,171736070
100988,171927327
100989,172164527
100990,172312721
100991,172490435
100992,172726026
100993,172924276
100994,173116560
100995,173197182
100996,173270888
100997,173460819
100998,173558705
100999,173717408
101000,173819518
101001,173891824
101002,174024288
101003,174246745
101004,174392539
101005,174494451
101006,174566913
101007,174685242
101008,174844513
101009,174959407
101010,175090494
101011,175117663
101012,175314206
101013,175536502
101014,175724304
101015,175987750
101016,176007444
101017,176266970
101018,176524332
101019,176609333
101020,176829178
101021,176976927
101022,177158151
101023,177427107
101024,177594588
101025,177746410
101026,178002061
101027,178280613
101028,178373605
101029,178470196
101030,178677840
101031,178862374
101032,179005523
101033,179241513
101034,179464276
101035,179719646
101036,179839205
101037,179910772
101038,180172346
101039,180430041
101040,180470719
101041,180684615
101042,180914396
101043,181155053
101044,181284135
101045,181516249
101046,181724883
101047,181953354
101048,182225874
101049,182383380
101050,182653623
101051,182936789
101052,183061900
101053,183187886
101054,183397220
101055,183672422
101056,183965615
101057,184275800
101058,184425822
101059,184612637
101060,184895677
101061,185054591
101062,185192447
101063,185377871
101064,185473510
101065,185687087
101066,185857853
101067,186034798
101068,186043583
101069,186184806
101070,186350087
101071,186510599
101072,186510662
101073,186596592
101074,186751601
101075,186804243
101076,186963907
101077,187122276
101078,187264342
101079,187331632
101080,187508588
101081,187660854
101082,187845396
101083,187869283
101084,188007541
101085,188169625
101086,188343113
101087,188609504
101088,188660814
101089,188886209
101090,189107912
101091,189372747
101092,189582756
101093,189738069
101094,189851698
101095,189986931
101096,190049956
101097,190254405
101098,190369790
101099,190547996
101100,190659705
101101,190770026
101102,190863781
101103,190889751
101104,190900324
101105,191099955
101106,191295815
101107,191484637
101108,191683296
101109,191841254
101110,192016236
101111,192131079
101112,192225231
101113,192376441
101114,192484494
101116,192563610
101117,192724943
101118,192824319
101119,192990489
101120,193023912
101121,193152002
101122,193310284
101123,193427451
101124,193588589
101125,193766265
101126,193887789
101127,193987918
101128,194132558
101129,194262654
101130,194369235
101131,194530634
101132,194563055
101133,194629982
101134,194761381
101135,194795820
101136,194862467
101137,194916423
101138,194916738
101139,195063516
101140,195201853
101141,195323482
101142,195492803
101143,195593126
101144,195777056
101145,196001622
101146,196153781
101147,196224526
101148,196381855
101149,196513703
101150,196759263
101151,196971343
101152,197122582
101153,197304151
101154,197447845
101155,197568617
101156,197751971
101157,197961813
101158,198131022
101159,198300353
101160,198498166
101161,198679978
101162,198865727
101163,199026385
101164,199214004
101165,199401779
101166,199605416
101167,199759111
101168,199907270
101169,200041305
101170,200253103
101171,200358007
101172,200447000
101173,200532408
101174,200769353
101175,200851243
101177,201051503
101179,201192351
101180,201444303
101181,201629164
101182,201778022
101183,201942453
101184,202046831
101185,202277872
101186,202322280
101187,202400194
101188,202487331
101189,202600634
101190,202700143
101191,202812791
101192,202925907
101193,202997850
101194,203189353
101195,203278986
101196,203443287
101197,203587189
101198,203661536
101199,203760094
101200,203870936
101201,204076468
101202,204141453
101203,204359130
101204,204473431
101205,204715489
101206,204792954
101207,205004284
101208,205072169
101209,205260386
101210,205421192
101211,205451055
101212,205560181
101213,205848833
101214,206104121
101215,206294023
101216,206387723
101217,206494488
101218,206671585
101219,206705556
101220,206836525
101221,207021998
101222,207080670
101223,207216871
101224,207344592
101225,207596241
101226,207740596
101227,207885703
101228,207899465
101229,207940701
101230,208004321
101231,208048766
101232,208077557
101233,208120678
101234,208399838
101235,208663690
101236,208840555
101237,208948798
101238,209067375
101239,209170587
101240,209312959
101241,209434503
101242,209486521
101243,209506853
101244,209578542
101245,209656838
101247,209758784
101248,209937679
101249,210103242
101250,210273861
